Feature,Importance
price_ma4,0.3508958824446124
cost_ma4,0.2048768421575119
price_lag1,0.14332952401826501
construction_cost_index,0.1353266842639772
price_lag4,0.13482801523024907
num_residential_sales,0.011352876956211587
sales_lag1,0.007857448744576452
permits_lag1,0.0063781580401600264
num_building_permits,0.0037962822608586487
permits_ma4,0.001358285883577777
