Feature,Importance
price_ma4,0.23201245355644529
construction_cost_index,0.22753621235132335
cost_ma4,0.21837939665822098
price_lag4,0.13594172484041234
price_lag1,0.11620476260484175
permits_ma4,0.037265441509492486
num_building_permits,0.010333339994536455
num_residential_sales,0.009475382520079203
sales_lag1,0.006993474072924905
permits_lag1,0.005857811891723229
