Model,Train R²,Test R²,Test RMSE,Test MAE,Test MAPE
Linear Regression,0.9627377387491544,0.5712613439829924,8354.834460611797,6545.250602660678,4.100744159866459
Random Forest,0.9570817328707316,-6.760871014169411,35546.493092443474,33045.84511561727,20.333154024124706
Gradient Boosting,0.9816992369798418,-5.657356229284676,32922.47119885846,30256.493906729862,18.563710495896103
